,Open,High,Close
0,853.6900019999999,860.7100220000001,857.840027
1,853.1199949999999,856.929993,853.6400150000001
2,847.26001,853.330017,851.150024
3,846.8599849999999,848.9400019999999,847.2700199999999
4,848.9400019999999,850.820007,849.080017
5,856.3099980000001,856.48999,849.849976
6,851.3800050000001,858.0,856.75
7,847.349976,848.830017,844.929993
8,844.9500119999999,850.669983,849.669983
9,847.650024,848.3599849999999,847.8099980000001
10,851.080017,852.6199949999999,851.0
11,848.0,853.7899779999999,851.3599849999999
12,847.98999,852.2000119999999,849.2700199999999
13,841.3099980000001,846.9400019999999,846.5499880000001
14,838.5,842.6900019999999,842.169983
15,838.8099980000001,841.7700199999999,837.320007
16,839.7700199999999,842.0,840.0300289999999
17,837.700012,841.73999,838.9600220000001
18,832.950012,837.150024,834.849976
19,831.72998,831.97998,830.0599980000001
20,830.530029,834.25,829.880005
21,825.5,831.919983,829.22998
22,820.919983,822.3900150000001,821.619995
23,823.130005,826.130005,820.130005
24,815.0,824.5599980000001,818.26001
25,824.0,824.0,815.23999
26,819.5,823.070007,820.1900019999999
27,837.0599980000001,837.22998,823.830017
28,859.0,867.0,845.0300289999999
29,859.0499880000001,861.0,856.9799800000001
30,853.5499880000001,858.7899779999999,858.4500119999999
31,846.9799800000001,851.5200199999999,849.5300289999999
32,831.6099849999999,845.5399779999999,844.429993
33,829.090027,829.23999,828.169983
34,829.0,833.0,824.369995
35,829.799988,829.8099980000001,829.02002
36,830.0,830.179993,827.460022
37,831.0,834.650024,830.9400019999999
38,828.380005,830.380005,829.530029
39,826.619995,829.900024,829.8599849999999
40,827.070007,829.409973,826.01001
41,826.369995,830.429993,827.179993
42,814.98999,828.960022,825.210022
43,807.5,813.73999,813.02002
44,809.8900150000001,813.429993,807.77002
45,800.619995,811.4400019999999,808.01001
46,803.210022,803.289978,792.450012
47,802.330017,805.75,802.880005
48,813.330017,813.330017,804.570007
49,808.679993,816.0,809.929993
50,808.01001,810.969971,807.799988
51,809.099976,811.070007,809.679993
52,815.719971,815.719971,812.200012
53,813.369995,816.48999,815.200012
54,809.280029,816.219971,812.5
55,818.3099980000001,819.200012,809.840027
56,817.3599849999999,823.0,815.650024
57,815.919983,824.26001,817.8900150000001
58,812.3900150000001,824.299988,815.340027
59,804.820007,811.349976,807.900024
60,799.299988,809.950012,809.450012
61,792.950012,799.0,795.169983
62,779.950012,792.0,791.469971
63,780.1900019999999,785.280029,776.179993
64,770.0,780.0,778.219971
65,761.900024,770.5,764.460022
66,778.549988,778.599976,764.330017
67,789.099976,791.51001,775.880005
68,788.380005,796.4400019999999,789.4400019999999
69,778.349976,799.73999,785.789978
70,782.6099849999999,782.900024,780.22998
71,789.52002,789.52002,779.0
72,788.98999,793.77002,785.0
73,778.099976,786.549988,784.799988
74,787.169983,791.289978,775.969971
75,782.5,788.900024,786.159973
76,770.419983,783.5,779.97998
77,765.469971,780.23999,775.159973
78,771.76001,771.780029,753.219971
79,776.8099980000001,777.289978,771.75
80,810.0,810.0599980000001,780.289978
81,801.830017,811.710022,805.590027
82,802.030029,816.039978,811.97998
83,794.950012,805.0,802.030029
84,771.299988,788.47998,781.099976
85,784.5,790.0,782.1900019999999
86,806.76001,806.76001,788.419983
87,810.869995,813.960022,805.47998
88,822.429993,822.630005,809.900024
89,829.9400019999999,839.0,819.5599980000001
90,823.01001,826.580017,817.349976
91,827.119995,827.710022,822.099976
92,838.5,838.5,828.549988
93,830.090027,837.9400019999999,835.73999
94,820.0,824.289978,824.0599980000001
95,827.5599980000001,828.469971,821.630005
96,822.880005,829.799988,826.840027
97,814.210022,828.8099980000001,821.48999
98,805.98999,813.48999,806.840027
99,807.450012,810.090027,804.599976
100,806.070007,806.5599980000001,804.080017
101,811.960022,814.5,811.77002
102,814.169983,819.8599849999999,809.570007
103,803.929993,817.380005,814.169983
104,805.929993,805.9400019999999,800.710022
105,804.080017,806.950012,803.080017
106,806.0,808.5,801.22998
107,805.0,806.5,802.789978
108,802.549988,803.539978,800.380005
109,803.599976,808.090027,804.0599980000001
110,807.22998,813.909973,802.6400150000001
111,804.080017,810.25,810.0599980000001
112,801.830017,813.48999,810.72998
113,809.820007,810.080017,802.650024
114,815.1400150000001,817.0,814.960022
115,810.0,819.0599980000001,815.950012
116,801.26001,805.909973,805.030029
117,800.0,802.75,799.780029
118,801.1099849999999,803.98999,795.3900150000001
119,799.02002,799.02002,797.969971
120,790.01001,803.650024,801.22998
121,787.530029,796.330017,790.460022
122,794.01001,795.789978,788.719971
123,784.52002,800.169983,798.820007
124,798.77002,801.75,788.47998
125,805.219971,808.419983,802.840027
126,807.929993,810.599976,807.98999
127,798.3900150000001,810.8900150000001,808.02002
128,795.27002,797.099976,796.869995
129,791.97998,792.8900150000001,791.400024
130,789.599976,791.570007,789.849976
131,792.880005,798.0,791.919983
132,793.049988,798.52002,795.820007
133,792.48999,799.400024,793.219971
134,792.0,794.719971,791.299988
135,796.8599849999999,798.460022,793.599976
136,800.47998,801.0,796.590027
137,798.51001,799.299988,796.950012
138,799.789978,801.22998,799.650024
139,805.3599849999999,808.0,802.75
140,800.0,805.630005,805.419983
141,803.5,804.26001,801.1900019999999
142,807.210022,811.3599849999999,805.960022
143,805.090027,807.1900019999999,807.049988
144,810.469971,813.880005,808.200012
145,807.049988,810.880005,808.48999
146,804.48999,813.330017,807.47998
147,806.0,807.599976,805.22998
148,800.1099849999999,807.219971,806.929993
149,798.23999,800.200012,797.25
150,796.469971,799.539978,798.919983
151,797.330017,802.320007,800.119995
152,786.669983,807.48999,800.9400019999999
153,797.710022,803.9400019999999,791.340027
154,768.840027,768.969971,765.840027
155,758.969971,764.450012,761.969971
156,757.52002,759.26001,757.650024
157,757.679993,759.820007,757.52002
158,757.320007,759.450012,759.280029
159,757.0,758.150024,754.409973
160,754.049988,760.6400150000001,757.080017
161,749.869995,756.590027,753.409973
162,737.909973,755.1400150000001,753.200012
163,741.0,741.0,735.630005
164,733.9400019999999,736.1400150000001,735.799988
165,735.52002,735.52002,729.47998
166,731.919983,735.599976,732.51001
167,719.419983,728.929993,727.200012
168,710.5599980000001,717.900024,717.780029
169,710.1099849999999,710.169983,707.26001
170,699.840027,713.0,708.969971
171,705.01001,708.119995,704.8900150000001
172,705.099976,712.530029,710.25
173,697.650024,703.77002,703.530029
174,694.26001,699.5,695.1900019999999
175,691.369995,692.73999,691.26001
176,682.48999,683.330017,681.1400150000001
177,690.169983,705.0,685.200012
178,710.549988,714.880005,714.869995
179,714.049988,714.210022,710.469971
180,710.049988,715.380005,708.880005
181,710.3099980000001,715.869995,706.130005
182,721.3900150000001,721.3900150000001,704.25
183,727.960022,730.3900150000001,724.25
184,734.919983,737.150024,732.1900019999999
185,729.3099980000001,736.0,733.25
186,729.820007,739.0,731.880005
187,735.950012,739.6400150000001,733.1900019999999
188,737.070007,743.929993,742.52002
189,739.5,743.8099980000001,742.929993
190,733.27002,736.710022,731.090027
191,738.5,738.5,730.0599980000001
192,741.48999,741.48999,735.8599849999999
193,746.099976,747.299988,744.27002
194,748.469971,751.369995,748.460022
195,748.76001,753.47998,748.849976
196,737.51001,747.909973,747.599976
197,736.0,741.099976,736.929993
198,735.0,739.8900150000001,738.099976
199,719.849976,734.200012,733.030029
200,719.97998,723.5,717.25
201,716.460022,727.700012,721.710022
202,718.299988,720.5,715.3099980000001
203,718.5,725.570007,721.780029
204,731.0599980000001,735.849976,720.1900019999999
205,724.320007,732.679993,730.299988
206,726.619995,731.289978,724.830017
207,732.0,735.369995,728.070007
208,740.52002,740.799988,730.549988
209,734.960022,740.0,739.380005
210,726.700012,734.289978,729.130005
211,712.200012,725.98999,725.179993
212,715.0,717.549988,714.710022
213,706.77002,715.049988,711.369995
214,712.5,713.369995,708.4400019999999
215,711.919983,715.409973,714.409973
216,704.119995,712.1099849999999,707.880005
217,723.289978,729.26001,705.0599980000001
218,725.320007,727.150024,721.460022
219,744.419983,745.590027,725.369995
220,735.349976,744.880005,742.210022
221,743.909973,753.919983,737.77002
222,777.3099980000001,781.679993,780.0
223,779.159973,779.659973,774.919983
224,790.5,790.950012,776.25
225,780.1900019999999,788.549988,787.679993
226,775.5,780.929993,780.0
227,775.3599849999999,779.6099849999999,775.3900150000001
228,770.3099980000001,775.75,771.909973
229,758.429993,764.919983,764.320007
230,765.450012,767.219971,757.539978
231,765.869995,767.130005,759.469971
232,765.320007,769.3599849999999,760.119995
233,757.840027,768.419983,768.070007
234,758.130005,762.869995,758.570007
235,769.51001,772.4400019999999,765.119995
236,757.159973,770.039978,769.669983
237,768.340027,769.080017,762.900024
238,768.210022,777.3099980000001,768.340027
239,753.679993,767.179993,765.8900150000001
240,756.169983,758.299988,753.280029
241,751.200012,757.5599980000001,754.840027
242,763.349976,765.3900150000001,757.5599980000001
243,758.4400019999999,765.0,760.049988
244,753.909973,763.340027,762.159973
245,761.630005,762.1400150000001,755.409973
246,757.650024,765.340027,758.47998
247,749.049988,759.0,757.3599849999999
248,746.02002,753.01001,750.570007
249,744.969971,754.26001,750.23999
250,739.950012,744.900024,744.869995
251,727.789978,736.539978,732.169983
252,715.169983,726.23999,725.409973
253,708.3900150000001,722.25,713.530029
254,725.150024,727.210022,712.799988
255,734.799988,735.0,730.219971
256,739.47998,741.0,731.590027
257,742.869995,743.119995,739.47998
258,721.299988,742.330017,742.169983
259,721.0,730.599976,717.219971
260,733.599976,736.159973,724.8599849999999
261,722.929993,729.51001,729.119995
262,710.6099849999999,721.219971,720.900024
263,726.099976,730.900024,717.289978
264,729.51001,734.849976,729.049988
265,715.900024,724.030029,722.1099849999999
266,733.960022,736.0,717.51001
267,727.0,733.76001,731.969971
268,718.650024,722.880005,717.6400150000001
269,712.210022,716.0,706.8900150000001
270,696.340027,712.320007,706.3599849999999
271,711.789978,723.219971,706.849976
272,692.950012,720.960022,701.02002
273,687.679993,704.52002,704.159973
274,725.5,726.719971,703.76001
275,744.590027,745.23999,730.030029
276,786.280029,791.429993,749.380005
277,800.5,810.349976,780.909973
278,771.26001,777.590027,770.77002
279,748.960022,765.1099849999999,761.349976
280,738.1900019999999,751.159973,748.299988
281,735.8900150000001,735.8900150000001,717.580017
282,735.210022,739.460022,733.789978
283,743.840027,752.460022,733.619995
284,742.0,748.5599980000001,745.460022
285,720.169983,737.669983,726.669983
286,705.900024,726.950012,718.5599980000001
287,720.150024,725.349976,719.080017
288,709.98999,724.159973,710.48999
289,724.4400019999999,739.8900150000001,731.3900150000001
290,749.340027,753.0,719.570007
291,740.75,748.340027,745.340027
292,731.950012,735.080017,733.070007
293,747.799988,750.119995,730.909973
294,746.48999,755.3099980000001,741.0
295,750.369995,765.72998,759.330017
296,764.099976,769.200012,761.530029
297,762.200012,762.200012,759.4400019999999
298,787.820007,788.330017,778.01001
299,793.960022,796.460022,790.299988
300,786.98999,798.6900019999999,793.960022
301,770.0,782.820007,782.23999
302,768.52002,769.200012,765.840027
303,770.6900019999999,771.900024,768.51001
304,764.27002,770.340027,767.130005
305,763.049988,766.349976,760.799988
306,767.22998,774.1400150000001,756.849976
307,781.159973,781.590027,769.830017
308,766.570007,781.5,776.590027
309,767.789978,774.75,760.090027
310,751.26001,764.150024,762.539978
311,749.0,757.4400019999999,750.419983
312,763.590027,766.070007,760.039978
313,771.099976,776.090027,762.549988
314,764.5,778.650024,775.1400150000001
315,780.0599980000001,781.0,772.98999
316,769.710022,782.419983,779.210022
317,780.5599980000001,784.47998,768.200012
318,785.25,793.049988,777.849976
319,766.9400019999999,785.0,783.789978
320,771.869995,775.030029,762.849976
321,769.159973,774.0,771.969971
322,771.6900019999999,773.0,769.26001
323,772.960022,775.98999,769.630005
324,777.469971,782.900024,776.700012
325,769.299988,779.320007,777.0
326,759.780029,763.22998,759.9400019999999
327,749.570007,761.099976,760.01001
328,752.469971,754.950012,745.97998
329,740.210022,751.710022,750.419983
330,754.039978,755.330017,740.070007
331,760.179993,765.799988,756.530029
332,762.380005,769.080017,765.25
333,753.47998,760.599976,758.26001
334,758.52002,763.299988,754.77002
335,759.3900150000001,763.02002,761.599976
336,758.8099980000001,766.349976,760.669983
337,749.900024,759.900024,755.3099980000001
338,745.429993,751.700012,748.820007
339,734.530029,748.179993,747.73999
340,745.5599980000001,746.3099980000001,737.3900150000001
341,736.630005,746.789978,744.849976
342,733.0,737.369995,736.919983
343,726.570007,735.960022,732.820007
344,720.02002,734.950012,731.119995
345,750.0599980000001,752.5,719.330017
346,675.4400019999999,688.049988,681.1400150000001
347,683.210022,684.900024,671.799988
348,697.8900150000001,698.0,680.0
349,694.0,700.23999,699.950012
350,695.400024,696.219971,695.320007
351,685.25,694.159973,693.02002
352,683.72998,690.039978,680.409973
353,674.26001,688.460022,683.169983
354,669.1900019999999,677.97998,676.429993
355,667.48999,674.090027,671.23999
356,669.450012,671.8900150000001,667.0
357,677.400024,678.73999,670.0
358,669.349976,678.799988,671.6400150000001
359,661.599976,673.030029,671.679993
360,638.01001,657.0,656.98999
361,637.9400019999999,643.840027,642.0
362,631.830017,639.3099980000001,638.369995
363,625.5,634.679993,622.6099849999999
364,639.049988,642.849976,624.25
365,658.580017,658.580017,640.150024
366,648.969971,656.77002,654.909973
367,652.900024,660.280029,653.289978
368,657.469971,658.820007,653.200012
369,665.51001,669.0,666.97998
370,665.0599980000001,669.840027,660.919983
371,667.48999,681.98999,671.669983
372,665.549988,668.070007,665.52002
373,656.710022,668.849976,665.070007
374,655.630005,655.919983,652.469971
375,650.210022,655.3099980000001,655.299988
376,643.900024,654.900024,651.080017
377,651.880005,657.3599849999999,643.409973
378,641.0,645.039978,643.880005
379,629.700012,634.5,628.960022
380,647.929993,651.25,637.049988
381,638.0,645.0599980000001,644.909973
382,633.8099980000001,644.4400019999999,629.5599980000001
383,654.340027,664.409973,647.820007
384,665.76001,667.0,659.6900019999999
385,671.98999,673.97998,667.960022
386,643.099976,662.47998,659.73999
387,646.469971,647.0,612.469971
388,600.599976,627.679993,618.1099849999999
389,671.039978,672.8900150000001,644.030029
390,689.099976,696.159973,679.47998
391,690.1099849999999,700.200012,694.039978
392,691.070007,695.76001,688.72998
393,688.039978,694.73999,694.1099849999999
394,684.039978,692.26001,689.369995
395,689.200012,694.030029,686.51001
396,694.48999,696.0,691.469971
397,699.580017,704.0,690.299988
398,667.090027,671.619995,663.1400150000001
399,667.780029,668.799988,664.3900150000001
400,673.98999,674.75,670.150024
401,665.75,679.909973,673.289978
402,664.340027,668.0,661.280029
403,657.659973,666.669983,664.719971
404,664.700012,665.0,657.5
405,657.4400019999999,668.049988,664.5599980000001
406,662.26001,663.330017,661.429993
407,661.76001,664.099976,659.659973
408,651.570007,667.070007,658.27002
409,676.77002,677.789978,654.77002
410,691.849976,696.070007,674.72998
411,694.02002,713.330017,695.099976
412,684.880005,705.599976,695.349976
413,688.97998,697.799988,692.840027
414,680.0,703.0,699.619995
415,589.5,604.5,601.780029
416,583.73999,588.6900019999999,583.960022
417,574.5,589.710022,584.179993
418,559.51001,572.849976,571.72998
419,553.710022,559.289978,556.1099849999999
420,548.650024,548.880005,544.650024
421,545.599976,548.280029,541.700012
422,547.429993,551.0,550.030029
423,542.25,548.580017,545.619995
424,544.73999,548.0,547.340027
425,543.659973,545.8099980000001,543.299988
426,545.090027,545.900024,540.039978
427,546.75,550.900024,541.25
428,559.710022,560.0,553.0599980000001
429,560.299988,563.1400150000001,557.950012
430,562.47998,562.6400150000001,558.570007
431,559.789978,564.900024,563.3900150000001
432,559.409973,565.6099849999999,559.679993
433,556.52002,557.909973,557.52002
434,548.0,557.25,556.179993
435,545.419983,548.3599849999999,546.599976
436,544.47998,546.6900019999999,544.869995
437,542.72998,544.049988,543.0
438,547.150024,548.849976,547.469971
439,554.48999,554.830017,550.039978
440,545.700012,554.780029,552.599976
441,543.419983,544.840027,542.159973
442,549.6099849999999,549.869995,543.47998
443,552.0,553.330017,549.530029
444,552.179993,555.960022,551.6900019999999
445,555.099976,557.98999,555.289978
446,547.429993,558.789978,553.950012
447,548.72998,550.570007,549.210022
448,553.200012,553.9400019999999,545.320007
449,553.789978,555.76001,554.179993
450,548.679993,555.289978,554.25
451,552.580017,553.330017,547.1900019999999
452,554.460022,558.23999,554.52002
453,550.200012,557.6099849999999,556.8099980000001
454,550.919983,556.070007,552.51001
455,548.0,553.400024,549.280029
456,543.820007,548.340027,546.669983
457,550.3900150000001,550.599976,546.48999
458,543.969971,549.6900019999999,549.200012
459,540.469971,543.840027,539.48999
460,542.8099980000001,542.960022,538.72998
461,548.48999,553.369995,545.780029
462,548.869995,552.799988,548.950012
463,535.900024,545.200012,542.039978
464,542.6400150000001,543.929993,535.080017
465,550.159973,552.6099849999999,543.039978
466,550.98999,556.6900019999999,552.840027
467,550.51001,551.219971,551.159973
468,558.5599980000001,561.1099849999999,548.77002
469,560.51001,565.840027,561.3900150000001
470,564.320007,567.830017,564.369995
471,572.77002,575.52002,566.119995
472,580.049988,584.700012,573.659973
473,550.409973,561.169983,557.460022
474,543.0599980000001,551.0,549.179993
475,546.3099980000001,547.77002,542.919983
476,533.75,545.799988,544.530029
477,537.3099980000001,539.799988,532.73999
478,538.349976,545.22998,543.52002
479,537.960022,543.1900019999999,541.039978
480,546.570007,546.570007,539.780029
481,547.049988,553.27002,548.6400150000001
482,549.570007,549.849976,548.539978
483,549.210022,549.369995,548.02002
484,546.0,551.5,548.840027
485,544.98999,550.159973,544.8599849999999
486,538.840027,545.539978,543.950012
487,547.409973,548.0,541.3099980000001
488,554.830017,558.5,549.48999
489,557.9400019999999,562.450012,554.700012
490,560.25,562.159973,561.1400150000001
491,561.830017,564.070007,557.549988
492,564.650024,567.1900019999999,563.6400150000001
493,577.570007,580.070007,567.0
494,568.539978,581.880005,577.539978
495,566.0,569.6400150000001,565.369995
496,566.710022,567.099976,564.950012
497,564.52002,566.960022,563.669983
498,557.72998,566.51001,566.159973
499,558.289978,560.6400150000001,557.6099849999999
500,556.929993,563.75,561.6400150000001
501,559.22998,564.3599849999999,553.0
502,558.47998,561.840027,561.169983
503,559.799988,564.179993,555.6900019999999
504,568.47998,569.76001,559.849976
505,570.919983,575.450012,574.099976
506,582.0,582.780029,572.900024
507,579.619995,583.200012,581.429993
508,576.969971,581.630005,578.330017
509,576.349976,580.849976,578.789978
510,567.0,575.98999,575.02002
511,558.150024,569.419983,562.630005
512,545.73999,560.130005,559.289978
513,538.4400019999999,549.570007,547.330017
514,531.549988,539.400024,538.650024
515,539.0,539.299988,535.0
516,547.580017,547.580017,541.799988
517,542.469971,546.8599849999999,546.450012
518,543.820007,547.549988,542.650024
519,551.159973,553.0,545.01001
520,547.51001,552.539978,551.159973
521,539.659973,548.340027,546.01001
522,539.72998,541.950012,538.0
523,532.150024,541.0,540.159973
524,531.0599980000001,533.880005,529.280029
525,531.01001,540.219971,533.880005
526,527.929993,530.6900019999999,529.830017
527,533.1400150000001,536.75,526.099976
528,529.9400019999999,537.450012,533.299988
529,534.320007,536.5,532.200012
530,519.0,543.099976,537.549988
531,512.900024,515.1900019999999,513.22998
532,525.0,525.6900019999999,512.429993
533,531.400024,532.780029,521.1900019999999
534,541.5,541.5,536.719971
535,538.030029,545.409973,541.950012
536,523.0,538.840027,537.299988
537,510.839996,521.849976,520.3900150000001
538,512.77002,515.6099849999999,509.94000199999994
539,503.14999400000005,510.85000599999995,510.459991
540,508.89001500000006,509.75,504.01000999999997
541,500.420013,508.26000999999997,505.92999299999997
542,502.57000700000003,508.60000599999995,501.799988
543,499.23999000000003,500.27999900000003,497.05999800000006
544,508.17999299999997,508.60000599999995,500.72000099999997
545,501.51000999999997,507.5,506.910004
546,510.950012,511.48999000000003,505.14999400000005
547,520.5,521.210022,506.64001500000006
548,527.150024,527.98999,519.460022
549,532.599976,535.799988,529.549988
550,537.73999,538.400024,530.659973
551,534.960022,537.840027,535.280029
552,540.5,543.929993,537.3099980000001
553,536.929993,543.25,541.52002
554,538.820007,540.289978,536.929993
555,534.51001,542.299988,538.77002
556,520.6099849999999,532.969971,532.299988
557,516.98999,520.8099980000001,520.039978
558,515.98999,516.25,514.619995
559,499.85998499999994,509.07000700000003,506.450012
560,513.599976,515.580017,498.160004
561,523.76001,525.369995,515.840027
562,527.4400019999999,532.23999,521.51001
563,530.01001,537.039978,532.1099849999999
564,535.900024,539.3599849999999,528.039978
565,525.880005,536.650024,536.1099849999999
566,529.219971,533.820007,530.72998
567,536.700012,538.200012,528.080017
568,537.6400150000001,542.6900019999999,542.580017
569,537.5,541.409973,536.969971
570,539.450012,541.849976,538.590027
571,545.090027,548.789978,539.650024
572,547.0,549.599976,549.080017
573,549.22998,549.880005,547.72998
574,547.210022,552.5,549.22998
575,546.570007,551.1900019999999,547.47998
576,551.039978,551.039978,545.8900150000001
577,542.090027,545.380005,543.76001
578,544.75,548.219971,547.200012
579,547.929993,552.789978,544.51001
580,555.1900019999999,555.1900019999999,546.6400150000001
581,558.0,558.0,555.1900019999999
582,560.8099980000001,560.820007,556.4400019999999
583,561.150024,561.25,558.25
584,558.52002,562.5,561.289978
585,552.400024,560.630005,558.22998
586,555.599976,555.599976,551.820007
587,555.5,556.799988,551.6900019999999
588,566.789978,566.900024,555.950012
589,561.159973,564.789978,564.1900019999999
590,563.530029,567.150024,563.77002
591,568.299988,568.72998,567.869995
592,558.25,562.5,560.27002
593,560.849976,564.969971,558.450012
594,551.710022,559.200012,558.9400019999999
595,547.76001,554.0,549.880005
596,554.97998,555.0,548.900024
597,548.280029,557.400024,553.650024
598,541.049988,550.76001,542.6900019999999
599,537.27002,538.77002,538.030029
600,520.450012,533.159973,532.380005
601,540.450012,543.450012,522.969971
602,527.0,540.98999,536.919983
603,542.080017,543.919983,540.72998
604,550.1400150000001,558.630005,548.6900019999999
605,555.130005,560.880005,544.75
606,567.469971,575.22998,555.1900019999999
607,581.6099849999999,582.530029,570.8099980000001
608,574.789978,584.6900019999999,583.73999
609,584.900024,585.849976,574.099976
610,589.950012,592.400024,587.780029
611,584.099976,588.289978,586.25
612,578.0,583.23999,580.880005
613,586.799988,588.719971,579.630005
614,587.48999,591.0,588.409973
615,581.830017,589.3099980000001,587.8099980000001
616,585.929993,589.570007,587.900024
617,596.98999,598.070007,585.25
618,591.570007,600.1099849999999,598.419983
619,595.0,596.650024,591.179993
620,602.5,603.799988,597.27002
621,599.48999,605.400024,605.400024
622,595.049988,597.5599980000001,597.27002
623,589.51001,596.070007,593.289978
624,580.950012,590.150024,588.780029
625,582.23999,583.919983,581.6400150000001
626,590.3900150000001,591.47998,584.900024
627,590.0,591.950012,591.1099849999999
628,591.73999,593.719971,593.419983
629,600.27002,600.599976,591.969971
630,599.1400150000001,603.52002,601.630005
631,595.130005,598.5,597.780029
632,592.130005,598.0,593.1400150000001
633,591.72998,594.48999,589.52002
634,582.950012,589.299988,588.630005
635,582.349976,582.900024,582.3599849999999
636,580.02002,584.710022,580.320007
637,587.8099980000001,589.369995,583.0
638,592.0,592.049988,588.119995
639,594.77002,595.580017,590.570007
640,593.27002,594.98999,592.539978
641,594.900024,595.25,592.419983
642,596.950012,596.98999,595.409973
643,595.590027,597.8099980000001,597.1099849999999
644,587.099976,595.049988,592.700012
645,587.5,589.469971,583.710022
646,586.6900019999999,587.799988,584.650024
647,576.450012,586.130005,584.5599980000001
648,575.0,575.900024,572.119995
649,579.0,579.6900019999999,577.25
650,572.02002,579.5599980000001,577.9400019999999
651,576.049988,578.3099980000001,571.8099980000001
652,569.5,578.6400150000001,574.48999
653,579.380005,580.200012,573.1400150000001
654,576.51001,583.820007,582.27002
655,578.549988,583.429993,573.599976
656,588.960022,591.98999,579.549988
657,595.8099980000001,598.450012,595.4400019999999
658,597.700012,598.48999,593.950012
659,597.75,601.099976,599.02002
660,599.25,601.0,598.080017
661,605.530029,608.909973,603.01001
662,602.049988,607.049988,605.1900019999999
663,599.700012,608.8900150000001,603.570007
664,601.349976,604.159973,598.4400019999999
665,603.01001,606.700012,605.1099849999999
666,588.969971,589.5,580.820007
667,596.8900150000001,597.0,590.619995
668,595.150024,595.299988,593.0599980000001
669,590.599976,594.8599849999999,594.26001
670,581.0,588.22998,586.650024
671,573.0,585.25,580.039978
672,578.950012,584.099976,583.3599849999999
673,586.369995,587.969971,578.400024
674,593.51001,595.650024,590.76001
675,591.700012,594.25,593.080017
676,592.26001,594.150024,590.780029
677,587.650024,593.659973,591.48999
678,586.76001,587.710022,584.669983
679,585.450012,587.880005,585.6900019999999
680,589.299988,589.599976,584.77002
681,573.549988,587.299988,585.929993
682,574.219971,582.25,572.539978
683,564.349976,574.4400019999999,574.289978
684,566.450012,566.77002,566.52002
685,561.150024,565.0,564.98999
686,552.799988,561.400024,560.659973
687,552.3599849999999,553.73999,550.619995
688,557.25,557.98999,552.299988
689,560.080017,560.650024,560.349976
690,567.0,567.0,559.5
691,565.919983,568.969971,567.5
692,568.780029,572.0,568.299988
693,566.75,572.0,570.72998
694,568.159973,568.799988,566.030029
695,557.1099849999999,565.0,564.929993
696,551.52002,558.580017,553.76001
697,560.900024,562.400024,554.51001
698,569.75,570.409973,564.340027
699,571.6400150000001,572.580017,571.650024
700,573.3900150000001,573.47998,570.5599980000001
701,574.570007,577.659973,570.450012
702,567.780029,574.869995,574.869995
703,558.130005,565.0,563.799988
704,552.200012,557.960022,555.450012
705,542.900024,549.75,549.700012
706,540.0,546.349976,540.3900150000001
707,528.880005,539.349976,538.830017
708,529.599976,530.840027,528.299988
709,533.1400150000001,534.0,529.119995
710,541.820007,541.820007,534.409973
711,539.580017,543.98999,541.539978
712,531.840027,538.75,538.429993
713,518.650024,527.349976,526.619995
714,515.719971,527.349976,520.169983
715,523.25,524.429993,518.0
716,533.409973,534.549988,522.570007
717,530.23999,535.719971,535.330017
718,541.4400019999999,542.400024,533.869995
719,534.25,539.909973,538.530029
720,535.119995,536.340027,534.880005
721,523.8900150000001,537.76001,536.330017
722,525.799988,525.900024,522.97998
723,532.26001,533.8599849999999,523.099976
724,541.6900019999999,542.5,534.4400019999999
725,543.669983,544.799988,537.51001
726,536.0,548.0,545.5
727,544.0,544.0,539.369995
728,556.320007,557.0,543.340027
729,557.700012,564.0,563.900024
730,551.0,552.8900150000001,548.700012
731,543.659973,553.02002,545.200012
732,537.9400019999999,547.590027,537.76001
733,568.0,568.210022,546.6900019999999
734,565.840027,567.799988,567.039978
735,545.049988,559.880005,557.51001
736,544.789978,549.849976,540.630005
737,578.549988,579.719971,545.25
738,573.3900150000001,588.299988,571.5
739,1141.900062,1144.799992,1135.099984
740,1120.2699810000001,1137.500048,1134.8899900000001
741,1130.399977,1134.999987,1114.509999
742,1119.0000109999999,1133.190031,1120.149983
743,1130.849966,1131.940062,1114.280005
744,1162.01006,1171.57007,1131.970061
745,1165.9999619999999,1169.83999,1158.720018
746,1184.190006,1184.899989,1157.9300369999999
747,1206.310076,1209.629995,1183.0400339999999
748,1199.949987,1209.6099960000001,1197.160055
749,1211.800064,1211.990059,1199.250004
750,1194.6699939999999,1211.5300710000001,1211.259955
751,1179.250005,1197.070058,1192.100057
752,1181.9900599999999,1190.869965,1172.80004
753,1207.950036,1210.499974,1189.060009
754,1196.4000740000001,1207.8500390000002,1207.300052
755,1213.770016,1214.320003,1199.989986
756,1215.689969,1217.640044,1211.57007
757,1226.800064,1226.990059,1214.789991
758,1222.280052,1226.149958,1219.609995
759,1215.0499849999999,1223.080033,1218.260028
760,1214.999986,1215.9999619999999,1214.909988
761,1206.750065,1207.8400390000002,1202.690042
762,1220.339978,1224.190006,1215.64997
763,1218.390025,1224.2300050000001,1219.2100050000001
764,1224.00001,1228.8800130000002,1220.1699820000001
765,1215.939963,1224.499998,1219.999986
766,1205.3599769999998,1220.1599820000001,1212.510047
767,1207.810039,1209.869989,1203.790016
768,1203.1400310000001,1206.890062,1204.110008
769,1205.299979,1209.2200050000001,1202.340051
770,1201.4100740000001,1212.870038,1210.879965
771,1195.609971,1204.390001,1202.80004
772,1180.749968,1199.899989,1199.899989
773,1189.0000109999999,1189.999986,1186.690067
774,1180.1699820000001,1191.870063,1190.179982
775,1171.8000650000001,1182.40005,1172.9300369999999
776,1167.630044,1177.900038,1177.440049
777,1151.1299589999999,1160.159983,1159.959988
778,1143.380026,1150.769968,1143.200031
779,1137.990036,1154.999987,1138.160032
780,1179.200006,1181.720066,1133.430025
781,1171.350076,1186.5400710000001,1180.969963
782,1144.999987,1152.4900480000001,1135.389977
783,1119.120009,1121.750066,1106.920062
784,1110.3199789999999,1125.749969,1123.010036
785,1126.09996,1126.500072,1101.229957
786,1151.0099619999999,1153.5500220000001,1123.8300160000001
787,1159.999987,1162.4900480000001,1160.099984
788,1166.6100689999998,1167.890038,1165.019986
789,1160.9299640000002,1164.0000109999999,1163.700018
790,1156.850063,1160.629971,1150.529974
791,1149.100009,1157.9300369999999,1156.219957
792,1152.990036,1154.999987,1148.6200199999998
793,1137.9500369999998,1150.9999619999999,1149.400001
794,1126.470073,1146.910062,1122.980036
795,1139.080009,1139.080009,1130.179983
796,1143.440025,1144.220006,1130.239981
797,1145.9999619999999,1147.320052,1141.229957
798,1124.999987,1139.6899939999998,1138.860015
799,1113.010036,1118.860015,1117.320052
800,1114.999987,1116.930062,1104.999987
801,1115.4599759999999,1117.750042,1113.120033
802,1112.2400539999999,1120.999963,1120.7099699999999
803,1120.3399789999999,1120.499975,1109.46
804,1119.999987,1120.27998,1118.400026
805,1114.0100109999998,1119.0000109999999,1117.460049
806,1114.969988,1115.239981,1111.840064
807,1107.84004,1115.799968,1115.099985
808,1088.300029,1101.169959,1100.619972
809,1080.769969,1091.990061,1086.219958
810,1071.850064,1084.949989,1084.749994
811,1072.820041,1080.759969,1069.859991
812,1064.000012,1074.689995,1072.9800369999998
813,1075.399978,1076.289956,1060.789969
814,1079.569998,1082.9400380000002,1069.959989
815,1087.400051,1091.3199550000002,1077.2900539999998
816,1076.14996,1092.310053,1084.659996
817,1070.989964,1082.310053,1078.140033
818,1069.7899929999999,1069.999988,1069.869991
819,1057.2000560000001,1059.659996,1057.340053
820,1051.369954,1063.980013,1058.180032
821,1050.949965,1063.440026,1053.2600300000001
822,1063.510024,1066.3499550000001,1054.480001
823,1062.160057,1066.62007,1059.5899980000002
824,1062.03006,1068.000036,1063.110034
825,1048.600022,1061.5000730000002,1058.410027
826,1037.160057,1053.190032,1045.929965
827,1033.420027,1036.16996,1031.8900640000002
828,1027.000061,1038.310029,1034.070011
829,1029.949989,1033.3600279999998,1022.309993
830,1031.720068,1034.749994,1025.199983
831,1035.7499699999998,1048.7400189999998,1031.550072
832,1034.869991,1038.000037,1033.560023
833,1033.920014,1039.749994,1035.229982
834,1006.750007,1032.850041,1032.47005
835,1007.699984,1017.5599869999999,1011.7800060000001
836,1009.51,1015.930027,1010.590035
837,1008.750019,1018.500025,1016.030024
838,1022.6099859999999,1023.930014,1007.9500380000001
839,1025.599974,1027.000061,1022.750043
840,1020.350041,1031.65007,1021.520012
841,1031.5000730000002,1032.370052,1026.1099609999999
842,1031.790066,1035.999964,1027.04006
843,1028.930014,1041.5200730000001,1030.579974
844,1037.430051,1037.510049,1030.419978
845,1019.10001,1036.940063,1036.2399580000001
846,1015.199983,1023.430026,1014.999988
847,1028.820017,1028.820017,1015.199983
848,1031.870064,1040.569974,1025.549975
849,1001.000025,1034.749994,1031.409954
850,1004.999988,1013.0000369999999,1007.000001
851,1011.4600140000001,1019.0000130000001,1003.3000300000001
852,976.5800109999999,1015.460038,1011.410015
853,892.990039,896.900004,888.7900189999999
854,885.87003,898.3300300000001,898.0300380000001
855,875.760032,885.6300349999999,882.010002
856,866.6600099999999,876.25002,876.1100240000001
857,866.030026,873.480027,871.990002
858,863.840018,868.830019,868.240033
859,856.2800199999999,862.6499859999999,855.86003
860,865.319982,865.980027,853.670023
861,867.4499910000001,873.9900150000001,865.740033
862,874.99999,877.50999,872.3499939999999
863,888.000039,894.1000119999999,876.090024
864,882.729984,889.3600050000001,887.990039
865,880.249984,887.669986,887.000002
866,869.0800119999999,880.8400300000001,875.9100289999999
867,874.819994,877.519989,876.390017
868,878.3000310000001,882.749984,878.170035
869,886.550013,886.550013,877.2299960000001
870,886.5000140000001,890.0999869999999,886.840006
871,896.150023,901.5900119999999,886.5000140000001
872,898.3900289999999,904.130011,903.1100359999999
873,905.990026,905.990026,898.3900289999999
874,886.350018,903.970015,903.3200310000001
875,887.409992,888.3900289999999,886.1100240000001
876,896.2000210000001,897.000002,887.759983
877,894.500002,895.680034,889.0700119999999
878,897.399992,897.900041,893.060037
879,888.540025,896.9700029999999,896.1900220000001
880,890.019989,892.000002,888.670022
881,883.7300210000001,889.7499960000001,888.050037
882,882.439991,883.7800199999999,879.58
883,873.5000269999999,879.879993,879.5600009999999
884,860.3499820000001,873.5000269999999,871.630011
885,854.360006,866.1900220000001,860.379981
886,855.760033,858.0400380000001,846.9000050000001
887,849.0700130000001,860.379981,855.430041
888,850.249984,855.410041,848.550026
889,859.619999,863.7300210000001,850.1499869999999
890,869.99999,874.899992,866.390017
891,877.8299820000001,878.000039,870.209985
892,872.699985,874.7499960000001,873.7100210000001
893,870.650035,876.910004,869.330006
894,868.3500300000001,872.109999,865.420041
895,857.709985,872.000002,865.650035
896,861.2800199999999,862.439992,856.9100050000001
897,864.4400039999999,864.919992,859.6599980000001
898,878.37003,880.229984,869.809995
899,886.830006,888.5000259999999,881.25002
900,886.900004,887.000002,885.5100380000001
901,890.560037,895.5200380000001,890.410041
902,895.490039,895.8400300000001,892.6599859999999
903,895.0399890000001,898.450027,890.650035
904,904.6899970000001,909.709997,896.5700119999999
905,905.390041,905.5200380000001,904.99999
906,903.440028,907.000002,906.5700119999999
907,894.99999,904.550001,904.220009
908,892.990039,896.5100140000001,887.749984
909,885.46004,895.6100359999999,890.9200279999999
910,884.899992,894.819994,882.2699949999999
911,886.990002,889.98999,885.3499810000001
912,893.870017,896.850006,887.699985
913,907.2599949999999,910.299982,902.900041
914,910.700033,913.0000380000001,903.8000189999999
915,902.000002,912.669985,910.700033
916,886.610011,902.9500400000001,896.6000119999999
917,918.9900140000001,919.999989,910.680034
918,921.0000259999999,926.8600050000001,918.550025
919,927.129998,927.970039,919.609999
920,924.300006,928.0000380000001,924.6899970000001
921,919.999989,923.0000380000001,923.0000380000001
922,913.0000380000001,920.8100310000001,920.2399839999999
923,903.450027,911.140023,905.990026
924,911.0000259999999,912.9500390000001,905.2399839999999
925,899.210009,906.2700199999999,905.089987
926,890.009989,895.410041,893.4900269999999
927,879.899992,889.1700099999999,886.430016
928,890.199985,891.0000259999999,882.309994
929,886.450015,892.08,887.880041
930,874.899992,881.840006,880.370042
931,878.8000189999999,884.6899970000001,877.07
932,873.75002,878.000039,873.650023
933,877.2599960000001,879.6799980000001,866.2000220000001
934,871.8800050000001,876.320019,869.789995
935,888.3400300000001,889.879993,880.9300279999999
936,893.9900140000001,901.0000259999999,884.7399960000001
937,901.370017,910.8400300000001,900.680034
938,888.650023,901.0000259999999,900.6200349999999
939,879.230009,889.4300039999999,886.25002
940,880.0999869999999,884.699997,875.0399890000001
941,868.9800150000001,879.6599980000001,877.000002
942,885.46004,886.0000259999999,871.9800029999999
943,883.970015,887.000002,879.809994
944,882.1,891.0000259999999,890.219984
945,870.420041,879.99999,879.7299960000001
946,864.300007,866.330019,864.639999
947,862.50999,869.4500029999999,859.699997
948,867.8499810000001,870.5900369999999,859.1000119999999
949,873.000039,873.970015,867.6299869999999
950,868.1200359999999,877.000002,871.2200210000001
951,869.919992,878.900017,870.760032
952,875.710034,877.990039,868.3100310000001
953,883.5000259999999,892.139998,881.2700199999999
954,875.259984,878.820019,873.3200310000001
955,877.000002,889.9599910000001,882.789983
956,902.5599880000001,909.310006,889.420004
957,908.0200380000001,911.6600099999999,906.9700019999999
958,904.99999,920.6000359999999,908.530025
959,910.019989,913.490026,909.1800099999999
960,919.0000140000001,919.97999,903.870017
961,895.5000380000001,916.380017,915.8900289999999
962,877.49999,888.6900220000001,887.1
963,878.890017,882.469991,877.5299890000001
964,875.309982,880.5400380000001,880.229984
965,870.8400300000001,879.6599980000001,871.4800150000001
966,857.000002,873.880017,873.630023
967,863.010039,863.870018,857.229997
968,848.260033,861.850006,861.550013
969,836.960004,846.800007,845.7200339999999
970,820.0999879999999,834.550001,829.61
971,823.260033,824.7199969999999,820.430041
972,819.0000150000001,827.639987,824.5700009999999
973,803.250033,822.6999860000001,819.060013
974,807.5999879999999,807.7399849999999,801.420017
975,816.250021,816.470016,809.100013
976,808.110037,818.000039,813.450028
977,801.0000269999999,815.500039,807.8999809999999
978,800.600037,803.960016,800.109988
979,769.160012,803.440029,799.869994
980,785.3499820000001,785.800032,765.91003
981,786.750009,790.840031,782.5599900000001
982,786.590013,796.0000269999999,793.3700309999999
983,785.950029,797.000003,781.9300049999999
984,791.990003,792.100001,790.0499900000001
985,792.879982,793.100037,790.3899809999999
986,782.919981,792.349995,790.179987
987,775.50004,783.750021,777.649987
988,778.750022,779.550002,774.849995
989,786.060026,786.990003,783.050039
990,804.250009,805.750033,795.069989
991,813.4600280000001,814.2000099999999,806.200022
992,804.540002,814.829995,813.040038
993,795.009991,802.249997,801.190023
994,803.9900150000001,805.369982,794.190011
995,806.680011,807.000003,802.659987
996,813.5000269999999,814.0000150000001,812.419993
997,812.409993,819.230009,809.639999
998,814.739997,815.2399849999999,810.309983
999,811.29002,816.920005,811.260021
1000,816.830007,817.50999,814.709998
1001,811.240021,819.250009,811.320019
1002,804.999991,812.759984,807.789984
1003,818.5000269999999,820.299983,814.300008
1004,826.990003,826.990003,821.5400139999999
1005,827.8999809999999,830.690035,825.309983
1006,830.710034,831.890005,827.609988
1007,831.6900099999999,839.699998,834.8199950000001
1008,834.500003,834.919992,831.520014
1009,834.060013,836.620012,832.5999879999999
1010,841.030026,844.0000150000001,831.380018
1011,828.930017,840.1499869999999,838.6000240000001
1012,805.299983,822.8399820000001,821.5000150000001
1013,797.799983,807.139999,806.190023
1014,801.100025,806.990003,801.200022
1015,794.799996,804.749997,799.779996
1016,794.999991,795.950029,790.129988
1017,802.299996,808.410029,790.770033
1018,799.260009,801.250021,799.709998
1019,798.00004,805.450041,795.530039
1020,805.299983,808.970016,792.4599919999999
1021,795.990028,807.000003,806.850007
1022,787.399993,793.260033,792.8899809999999
1023,779.729998,788.740022,787.819983
1024,780.129988,785.3499820000001,782.8599820000001
1025,781.750009,787.8999809999999,780.700035
1026,778.40003,783.00004,782.419993
1027,780.129988,786.670011,785.369982
1028,769.699998,778.81002,773.950017
1029,759.070014,772.95998,770.169987
1030,761.130025,771.110025,765.740034
1031,767.689987,770.46998,759.0200150000001
1032,758.200035,776.600013,775.600037
1033,750.51004,757.619988,755.690035
1034,753.740022,760.950029,753.83002
1035,746.75001,756.950005,753.680024
1036,751.760009,755.600038,750.7300349999999
1037,750.770034,758.4800280000001,753.670024
1038,741.240022,756.830008,754.210011
1039,735.990028,749.000016,741.500016
1040,704.66,705.339984,702.869983
1041,710.359983,712.7699849999999,704.510004
1042,717.709987,719.64,711.320021
1043,722.399994,724.340008,715.189987
1044,719.330008,734.999992,724.929993
1045,737.000004,742.199999,723.250034
1046,742.000004,742.429993,739.989992
1047,742.829983,744.999991,741.480016
1048,732.269997,738.350032,738.120037
1049,735.540039,736.300021,733.300033
1050,735.449981,739.380007,734.749998
1051,729.340008,741.470017,737.96998
1052,724.929993,731.9300049999999,723.670024
1053,719.420006,727.000004,723.250034
1054,699.999992,710.570039,707.379995
1055,701.690012,706.910006,700.009992
1056,707.140001,708.84002,706.290021
1057,708.070039,712.879983,708.8700190000001
1058,714.510004,715.179987,709.500004
1059,713.970017,718.82002,715.630037
1060,723.260034,724.65,722.359995
1061,720.710035,722.999979,720.1099889999999
1062,716.600014,729.100014,721.070027
1063,705.4999799999999,721.920006,720.780034
1064,699.170012,707.819984,701.960005
1065,715.92003,716.470017,702.699987
1066,699.230011,703.510028,697.5599900000001
1067,689.999992,701.920006,696.880007
1068,685.389983,691.650013,685.419982
1069,694.999992,696.880007,684.210011
1070,687.5899900000001,695.610038,691.130025
1071,692.150001,694.500004,687.819984
1072,694.999992,695.5099799999999,691.030028
1073,702.239998,705.8900309999999,695.249986
1074,691.310021,699.220011,698.370032
1075,687.779985,693.900019,691.8900070000001
1076,668.0099799999999,684.9099940000001,683.670025
1077,660.169988,674.999992,670.7100360000001
1078,666.440018,667.000005,661.150025
1079,669.9699929999999,669.999992,667.969981
1080,668.990017,669.799997,665.870032
1081,669.510004,677.9999799999999,669.9699929999999
1082,655.7000360000001,668.920019,668.2100360000001
1083,645.990029,653.01998,647.18
1084,649.999993,659.999992,647.259998
1085,660.660037,662.18,652.549991
1086,662.9999799999999,667.59999,659.050016
1087,663.750023,669.799997,665.900031
1088,654.650001,668.3400330000001,663.029979
1089,670.199987,671.490017,652.2899980000001
1090,674.999992,678.2300349999999,667.120002
1091,685.47998,686.500016,681.720011
1092,684.500004,686.860008,682.959981
1093,694.789997,695.549979,687.919982
1094,679.500004,690.900031,687.5899900000001
1095,679.859996,681.000029,680.299985
1096,676.500017,683.029979,675.149989
1097,679.999992,682.000004,677.759986
1098,686.8000089999999,687.000004,677.299997
1099,672.010004,687.329996,680.349984
1100,681.010028,684.630001,678.670025
1101,705.5800389999999,706.700011,681.7900089999999
1102,755.540039,759.420005,694.999992
1103,743.950017,756.34002,755.489979
1104,740.129988,746.990004,744.699999
1105,741.9400049999999,743.83002,740.9800290000001
1106,751.850007,754.869994,744.749998
1107,752.899982,758.500028,751.480016
1108,741.860007,747.529991,744.5600019999999
1109,759.6699990000001,761.32002,744.090014
1110,761.000028,763.580026,757.839983
1111,770.710035,774.380006,767.649987
1112,762.7499849999999,769.889994,768.050039
1113,755.7200349999999,763.9200179999999,762.499991
1114,765.1999860000001,765.990028,756.990004
1115,759.0500139999999,764.999991,761.780009
1116,754.1500120000001,759.300008,754.500003
1117,759.949992,762.839983,756.500016
1118,749.849995,761.240022,753.460029
1119,753.050039,764.889994,749.160012
1120,731.000028,750.03999,749.380006
1121,732.209999,734.919993,733.990016
1122,724.470005,731.3800190000001,728.120037
1123,717.499992,728.560027,727.499992
1124,707.779985,718.660024,718.280034
1125,708.110038,712.879983,709.979992
1126,709.6000019999999,712.9999799999999,709.68
1127,693.0900389999999,709.000016,706.040027
1128,689.410006,694.9099940000001,690.880032
1129,697.959981,700.650037,692.19
1130,709.759998,712.809984,700.770034
1131,699.999992,712.249998,706.150025
1132,685.96003,699.889995,699.4000070000001
1133,679.999992,686.500016,680.720036
1134,684.5500030000001,684.999992,681.040028
1135,684.000017,688.580027,685.0899900000001
1136,684.240011,687.389995,681.680012
1137,677.369995,688.990017,688.0099799999999
1138,664.999992,677.6199889999999,677.249998
1139,662.98998,672.000004,669.220011
1140,675.6000389999999,680.449981,678.6300259999999
1141,674.27001,680.47998,676.8000089999999
1142,667.379995,680.600038,677.18
1143,673.110038,677.9999799999999,669.510004
1144,675.4999799999999,678.8700200000001,675.539979
1145,674.120014,677.249998,677.140001
1146,667.509992,674.640001,672.869983
1147,670.279985,674.2500110000001,667.539991
1148,659.2500110000001,672.849984,668.660025
1149,647.4199940000001,660.149989,660.009992
1150,638.590027,642.239999,642.000005
1151,644.510005,646.3700200000001,642.349996
1152,639.050016,645.870032,642.229999
1153,641.7900099999999,644.2600110000001,640.539979
1154,639.610002,649.380008,642.819985
1155,639.999993,643.720024,641.330021
1156,625.5099799999999,638.02998,628.750023
1157,637.2999980000001,639.510005,632.679988
1158,628.260035,636.500017,632.969981
1159,636.050028,642.59999,632.2999980000001
1160,618.89002,634.999993,634.959994
1161,614.999993,616.870008,613.360033
1162,608.320034,613.380032,607.989981
1163,614.999993,617.929982,607.569991
1164,600.479981,618.350033,615.5099799999999
1165,608.760023,612.939982,610.820034
1166,586.140026,598.4800299999999,593.05998
1167,576.980006,583.690025,580.760036
1168,578.430032,580.670038,576.730012
1169,576.370021,579.190013,574.919995
1170,572.150002,579.1500139999999,576.5200169999999
1171,567.120003,571.930007,570.4799820000001
1172,576.300023,577.849985,571.190025
1173,590.189989,592.429995,581.700013
1174,584.9499940000001,588.600027,586.01003
1175,592.4499940000001,593.520029,585.9800299999999
1176,588.760023,600.059992,595.920032
1177,580.009993,588.410032,587.829985
1178,581.8200099999999,582.9999809999999,580.4699820000001
1179,574.959994,580.12999,580.069992
1180,565.900033,566.2300240000001,564.3100099999999
1181,567.699989,573.990018,569.300011
1182,562.759987,566.600015,564.680001
1183,567.329998,568.089979,560.7000370000001
1184,567.9999809999999,571.480018,571.480018
1185,579.8399969999999,579.8399969999999,565.209988
1186,579.8099980000001,579.999993,577.509993
1187,573.5900280000001,584.2800110000001,581.530017
1188,562.619991,574.210013,570.8500339999999
1189,560.339985,564.520005,564.510005
1190,561.300023,565.069992,559.050017
1191,561.720013,567.000006,561.0900280000001
1192,569.769999,570.299986,565.099991
1193,584.210013,585.319985,568.50003
1194,575.8500339999999,581.00003,580.449982
1195,587.599991,587.889984,578.230037
1196,576.480018,581.970006,580.569979
1197,575.449982,578.129978,570.409983
1198,570.219988,580.489981,578.5900280000001
1199,571.790011,572.64999,570.9800299999999
1200,588.720024,589.999993,580.860033
1201,588.1599769999999,591.900008,588.230036
1202,595.810034,599.130014,594.340009
1203,601.00003,601.730012,591.530017
1204,609.1600129999999,611.920007,603.660026
1205,601.6500139999999,609.600003,609.4600059999999
1206,613.440031,613.810022,600.800035
1207,600.5099809999999,615.690037,614.1100150000001
1208,625.09999,632.419995,600.399983
1209,633.830021,637.849984,623.049979
1210,617.9599820000001,630.09999,628.930019
1211,605.349984,614.999993,611.110027
1212,600.780035,608.50003,604.000017
1213,610.349984,614.5500040000001,605.229987
1214,612.9599820000001,616.190025,613.660026
1215,606.8200099999999,616.3800200000001,609.1500139999999
1216,605.52998,616.900008,612.789986
1217,594.999993,610.569979,607.549992
1218,605.920032,607.889983,596.970006
1219,609.620002,614.8299969999999,611.020029
1220,601.200025,608.1099780000001,607.259999
1221,603.790023,611.600015,604.430007
1222,612.989981,616.080028,604.849997
1223,615.019992,616.740011,614.9799929999999
1224,610.910032,617.9999809999999,615.469981
1225,604.000017,611.350021,609.72
1226,598.240036,606.630014,601.270023
1227,592.899983,598.450031,597.599991
1228,604.2500110000001,608.850021,596.060028
1229,605.690037,616.260023,599.3000099999999
1230,608.04998,612.799986,607.4499940000001
1231,608.560028,617.689988,609.570003
1232,622.9999809999999,623.810022,606.070028
1233,647.549991,648.990017,624.600003
1234,642.349996,653.140038,651.010029
1235,633.970018,636.000029,635.96003
1236,633.520029,634.500005,626.860008
1237,628.4800299999999,635.329985,630.8400330000001
1238,632.239999,636.430019,632.319997
1239,638.45003,639.000017,635.149989
1240,645.409983,647.949982,642.61999
1241,640.770035,647.499993,646.920007
1242,651.7500110000001,653.490029,641.2400230000001
1243,653.440031,656.590015,648.410031
1244,652.030004,658.590027,655.760035
1245,647.030004,653.500029,647.020004
1246,644.999993,649.490005,649.330009
1247,646.600014,648.500029,642.5899900000001
1248,638.500029,648.800022,646.050028
1249,634.610002,647.389995,639.9799929999999
1250,630.920031,636.060028,633.4900299999999
1251,623.1199780000001,637.2699980000001,633.980018
1252,620.890032,625.910032,625.039992
1253,616.600015,623.500029,621.1300259999999
1254,614.999993,622.779986,615.9900299999999
1255,608.750023,617.849984,617.779986
1256,599.999993,607.000005,605.149989
1257,607.949982,611.900008,600.249987
1258,610.039992,611.500017,607.140002
1259,609.050016,611.190025,606.8000099999999
1260,608.04998,608.810022,604.959994
1261,620.429982,622.489993,614.2500110000001
1262,622.000005,624.000017,621.250023
1263,622.259999,625.7000370000001,622.399995
1264,618.600027,625.5999780000001,618.250036
1265,609.999993,619.7699980000001,618.390032
1266,606.590015,612.359996,609.3100099999999
1267,607.349997,611.6500139999999,609.899995
1268,607.000005,607.939982,606.110027
1269,611.9600059999999,616.78001,607.939982
1270,603.870021,617.879984,614.000017
1271,604.969994,607.62999,604.640002
1272,602.819985,608.810022,606.5200169999999
1273,612.929982,612.929982,605.559979
1274,611.540016,612.000005,609.759999
1275,610.4999809999999,613.840021,612.2
1276,607.879984,608.129978,605.910032
1277,612.020005,614.500005,611.460018
1278,608.640026,611.350021,609.849997
1279,607.150002,609.390008,606.7700110000001
1280,595.009993,610.830034,609.090015
1281,590.660038,597.070004,596.330022
1282,584.869996,586.41002,585.109991
1283,584.9399950000001,585.4999809999999,580.830034
1284,582.9999809999999,584.000018,580.109991
1285,578.04998,579.999993,577.689989
1286,570.780035,580.3199860000001,579.979994
1287,571.980006,574.480006,568.099979
1288,577.509993,578.710025,569.490006
1289,586.320022,587.679989,580.930032
1290,586.00003,588.660026,585.5199809999999
1291,590.52998,591.00003,585.9900299999999
1292,640.990029,640.990029,639.570003
1293,626.630014,634.000017,632.909983
1294,631.980005,631.980005,628.580027
1295,626.260023,626.9500059999999,624.989993
1296,631.220024,632.889983,629.640002
1297,623.500029,629.390008,625.96003
1298,629.749999,633.800022,623.140038
1299,646.500017,647.000005,622.459994
1300,659.150013,659.999992,650.019992
1301,662.130001,663.970017,659.010017
1302,665.029992,670.249986,668.280034
1303,652.939982,668.150037,665.409982
1304,642.020004,646.7600110000001,645.900032
1305,641.490017,642.9999799999999,642.399995
1306,642.749986,644.999993,639.7
1307,632.0500040000001,644.490005,640.249987
1308,632.000005,634.68,633.140038
1309,627.949982,631.730011,629.7
1310,630.009992,631.820009,625.820034
1311,627.9999809999999,631.840009,630.3699839999999
1312,628.0099799999999,628.500029,621.830009
1313,624.320009,629.320009,625.96003
1314,622.519992,624.000017,619.540004
